0,185,21.34067769,-157.8934967,USA,Northern America,512853.6667
1,1717,37.32711544,-121.9332989,USA,Northern America,4604961.31
2,5633,33.95381355,-117.9539253,USA,Northern America,14281719.8
3,412,37.91394614,-122.0483181,USA,Northern America,661553.5774
4,1776,32.82158244,-117.1106947,USA,Northern America,4437234.748
5,306,35.36381044,-119.0475354,USA,Northern America,533318.4537
6,346,36.78757662,-119.7705095,USA,Northern America,652855.9733
7,811,38.60280713,-121.3875759,USA,Northern America,1528104.298
8,186,32.62543862,-115.4476576,MEX,Central America,805239.7185
9,154,29.08551907,-110.9745991,MEX,Central America,788949.0117
10,133,24.79661078,-107.4071827,MEX,Central America,721974.7596
11,878,36.14443328,-115.1590734,USA,Northern America,2029109.785
12,2304,33.47756006,-112.0005369,USA,Northern America,3611577.485
13,407,32.24353876,-110.9313916,USA,Northern America,588176.3438
14,592,20.63761304,-103.3591386,MEX,Central America,4530296.314
15,91,24.02823065,-104.6492757,MEX,Central America,573877.9498
16,947,45.53094903,-122.6657332,USA,Northern America,1655686.139
17,165,28.65844574,-106.0883967,MEX,Central America,794324.2375
18,133,21.89441747,-102.2899114,MEX,Central America,877349.819
19,110,19.70733153,-101.1995103,MEX,Central America,683447.0646
20,190,21.1239562,-101.6665674,MEX,Central America,1510974.26
21,141,16.86769935,-99.86174779,MEX,Central America,749405.7201
22,213,25.55055601,-103.4327176,MEX,Central America,1038510.055
23,161,20.60134744,-100.4139457,MEX,Central America,930199.9856
24,1885,47.49542197,-122.2998149,USA,Northern America,2678205.033
25,534,31.70384714,-106.3905995,MEX,Central America,1762653.717
26,166,22.15148295,-100.9591934,MEX,Central America,1083939.657
27,374,19.29244605,-99.62317247,MEX,Central America,1434153.266
28,207,18.89229174,-99.20837773,MEX,Central America,873604.4646
29,2114,19.45159047,-99.10560261,MEX,Central America,19559564.03
30,428,19.04691142,-98.22301187,MEX,Central America,2130628.315
31,143,25.42337096,-100.9796813,MEX,Central America,785796.7294
32,698,49.2292552,-122.9851417,CAN,Northern America,2015029.579
33,529,40.64504711,-111.9172804,USA,Northern America,972714.6253
34,446,35.12903763,-106.629162,USA,Northern America,685933.7471
35,667,25.71167126,-100.2783275,MEX,Central America,4227777.419
36,120,17.06521504,-96.73268271,MEX,Central America,543521.9924
37,78,19.53935074,-96.90910069,MEX,Central America,551949.626
38,128,22.26867547,-97.85524009,MEX,Central America,622471.1763
39,138,19.17410361,-96.16724067,MEX,Central America,723158.3041
40,195,27.50072964,-99.51214633,MEX,Central America,601848.0292
41,170,26.04441546,-98.30413095,MEX,Central America,677913.7478
42,97,16.75353185,-93.11889809,MEX,Central America,608351.4987
43,875,29.49173859,-98.5206364,USA,Northern America,1483926.84
44,102,17.99288508,-92.9465375,MEX,Central America,511130.593
45,1362,39.72837393,-104.9803877,USA,Northern America,2229499.864
46,606,30.37163753,-97.73513149,USA,Northern America,1063620.667
47,411,14.59927134,-90.54739573,GTM,Central America,2674360.836
48,3418,29.78137075,-95.40836967,USA,Northern America,4873719.74
49,287,13.72425382,-89.18557142,SLV,Central America,1675634.764
50,3699,32.8573485,-96.96526227,USA,Northern America,5165561.23
51,200,15.5021369,-87.98431086,HND,Central America,841488.9024
52,550,35.46309323,-97.52442303,USA,Northern America,616999.469
53,188,20.97290636,-89.61473615,MEX,Central America,903966.8957
54,141,14.07275283,-87.20403689,HND,Central America,998560.7762
55,460,51.039687,-114.0703599,CAN,Northern America,1027226.576
56,210,12.1263904,-86.26087379,NIC,Central America,1145288.922
57,431,9.951750245,-84.11429303,CRI,Central America,1861671.616
58,84,21.16362243,-86.85945843,MEX,Central America,703187.5068
59,501,29.96009972,-90.10226475,USA,Northern America,680993.5612
60,490,53.54200131,-113.4855766,CAN,Northern America,975000.7097
61,1026,39.04474577,-94.60456837,USA,Northern America,1129297.081
62,406,41.2406688,-96.0581449,USA,Northern America,565017.682
63,301,-2.164296232,-79.91204137,ECU,South America,2739452.61
64,52,-6.773100997,-79.84370658,PER,South America,566288.6644
65,223,9.055191466,-79.49208566,PAN,Central America,1119523.743
66,88,-8.094693943,-79.03342155,PER,South America,829083.0669
67,342,-0.219360764,-78.49159445,ECU,South America,2254137.195
68,432,23.07138617,-82.35165595,CUB,Caribbean,1839558.493
69,899,38.64866335,-90.29516847,USA,Northern America,1100883.938
70,828,27.29726911,-82.49541578,USA,Northern America,606534.1841
71,1752,27.80797724,-82.70346723,USA,Northern America,1996766.554
72,170,3.430341812,-76.5174626,COL,South America,2323111.711
73,876,-12.02606763,-77.01529684,PER,South America,9265580.499
74,61,4.814273724,-75.70259672,COL,South America,625416.4822
75,1288,44.99994671,-93.2301204,USA,Northern America,1733144.752
76,3040,26.17958738,-80.2108039,USA,Northern America,5406570.288
77,1165,33.84096954,-84.30090571,USA,Northern America,1516952.499
78,230,6.240716975,-75.58360123,COL,South America,3418610.254
79,972,28.53910259,-81.37360347,USA,Northern America,1290483.024
80,34,4.439221242,-75.21557609,COL,South America,538830.4599
81,130,10.38786616,-75.50280489,COL,South America,930724.0691
82,236,17.99722913,-76.84702145,JAM,Caribbean,1018848.229
83,538,4.650884533,-74.12380412,COL,South America,8608815.414
84,665,38.22451115,-85.69906478,USA,Northern America,750695.1643
85,299,49.87947386,-97.1510269,CAN,Northern America,675489.407
86,160,10.94434897,-74.7965547,COL,South America,1912315.749
87,3830,41.79396274,-87.82253727,USA,Northern America,6779775.294
88,1052,39.80875482,-86.14531263,USA,Northern America,1086019.564
89,92,7.094304809,-73.12924056,COL,South America,952630.7806
90,774,43.03168731,-88.0110039,USA,Northern America,1101829.808
91,646,39.2369108,-84.46200196,USA,Northern America,764046.6174
92,80,7.906936708,-72.49813927,COL,South America,652762.6858
93,285,10.63615291,-71.65385661,VEN,South America,2141736.882
94,848,40.0147868,-82.99973942,USA,Northern America,1138151.475
95,280,18.55650513,-72.29580022,HTI,Caribbean,2769341.913
96,137,-16.39533264,-71.53812755,PER,South America,838010.0942
97,2545,42.43812719,-83.15206612,USA,Northern America,3288131.603
98,126,10.06061543,-69.36010192,VEN,South America,965075.9926
99,950,41.47505094,-81.64622338,USA,Northern America,1188874.549
100,151,19.45839074,-70.68069619,DOM,Caribbean,706172.7956
101,515,18.49480958,-69.90131384,DOM,Caribbean,3847330.726
102,481,40.41596736,-79.97203034,USA,Northern America,709250.094
103,318,10.18802271,-67.97228433,VEN,South America,1678999.322
104,167,10.22999008,-67.54417748,VEN,South America,921013.6013
105,664,36.84947257,-76.22371144,USA,Northern America,832250.0823
106,253,-16.52021327,-68.16338661,BOL,South America,1699529.366
107,1550,38.9228404,-77.14196317,USA,Northern America,3368613.481
108,330,10.46744645,-66.8907862,VEN,South America,3104241.427
109,2019,43.65246768,-79.53381024,CAN,Northern America,6036145.783
110,742,39.31155264,-76.61148208,USA,Northern America,1360858.298
111,432,42.9237412,-78.81130882,USA,Northern America,615835.9218
112,223,-17.39807799,-66.18052601,BOL,South America,1091206.704
113,1520,39.90704662,-75.23605793,USA,Northern America,3132223.299
114,184,-33.02103693,-71.51314359,CHL,South America,831988.7126
115,373,18.39900166,-66.09206767,PRI,Caribbean,969579.5463
116,145,10.16611546,-64.65977078,VEN,South America,768015.8771
117,133,-36.79422664,-73.08442863,CHL,South America,532052.1127
118,720,-33.47750516,-70.65601838,CHL,South America,6336005.245
119,5384,40.77321423,-73.88090455,USA,Northern America,15950674.29
120,114,9.73923343,-63.20688684,VEN,South America,522461.4697
121,52,8.283046143,-62.73924618,VEN,South America,654228.7263
122,195,-32.9062643,-68.81413984,ARG,South America,937975.5665
123,83,-24.80729766,-65.41546801,ARG,South America,506599.2432
124,347,41.23347258,-73.05220162,USA,Northern America,541498.6745
125,281,-17.80059184,-63.15343101,BOL,South America,1557362.933
126,295,45.41781152,-75.69404691,CAN,Northern America,710584.0829
127,168,-26.82429766,-65.21389337,ARG,South America,846925.0331
128,261,-3.063915188,-59.9938984,BRA,South America,2016986.561
129,396,41.78361702,-71.40117983,USA,Northern America,591000.8176
130,1080,45.53269003,-73.66822949,CAN,Northern America,3105303.603
131,936,42.38499617,-71.06303941,USA,Northern America,2063274.183
132,304,-31.39589028,-64.20712883,ARG,South America,1365994.52
133,289,46.82043598,-71.27167611,CAN,Northern America,581981.3694
134,221,-15.61996762,-56.09137115,BRA,South America,749443.1672
135,244,-32.91967652,-60.69623646,ARG,South America,1099815.961
136,442,-25.31734204,-57.53865811,PRY,South America,1968288.151
137,229,-20.48145787,-54.61844406,BRA,South America,782348.8532
138,1967,-34.65058344,-58.53886524,ARG,South America,13906506.02
139,192,-34.91047119,-57.96212292,ARG,South America,691901.5646
140,162,-25.51919643,-54.60919265,PRY,South America,600243.7661
141,237,-34.85897695,-56.17204343,URY,South America,1310838.772
142,131,-38.00776575,-57.57362105,ARG,South America,575750.4323
143,150,-23.30688224,-51.17438621,BRA,South America,604379.7504
144,272,-1.373023077,-48.43130288,BRA,South America,2087906.906
145,467,-16.71153307,-49.28015866,BRA,South America,1877864.816
146,181,-15.83609124,-48.07297289,BRA,South America,1158153.339
147,157,-29.70793422,-51.12533512,BRA,South America,540932.8045
148,344,-30.06555449,-51.14728293,BRA,South America,1776855.962
149,124,-18.91658365,-48.27971892,BRA,South America,594597.2697
150,496,-25.44276336,-49.26146328,BRA,South America,2345494.665
151,112,-21.16579789,-47.80419233,BRA,South America,576546.6667
152,166,-27.59519191,-48.61715306,BRA,South America,641126.9341
153,145,-23.49704058,-47.46857462,BRA,South America,688437.1989
154,333,-22.91189031,-47.11250757,BRA,South America,1396669.84
155,2005,-23.57275267,-46.59943039,BRA,South America,19114337.2
156,236,-2.546535097,-44.23935975,BRA,South America,1277592.575
157,140,-23.9617233,-46.32646983,BRA,South America,1003921.714
158,183,-23.23182429,-45.89685271,BRA,South America,755636.8237
159,178,-5.100409279,-42.79030721,BRA,South America,894356.4646
160,592,-19.90043198,-44.00841088,BRA,South America,4038591.735
161,1367,-22.83808379,-43.39047626,BRA,South America,9798104.801
162,295,-22.83215191,-43.00858739,BRA,South America,1654401.92
163,197,-20.32801679,-40.3508252,BRA,South America,1076799.097
164,402,-3.785747348,-38.56030296,BRA,South America,3204985.581
165,82,-12.2525641,-38.95727921,BRA,South America,519584.407
166,308,-12.92433867,-38.42545334,BRA,South America,3030495.644
167,128,-10.92155684,-37.07035962,BRA,South America,777967.7391
168,157,-9.598100193,-35.748951,BRA,South America,1029492.673
169,113,-5.841500953,-35.22169014,BRA,South America,631280.8722
170,477,-8.037228288,-34.92450363,BRA,South America,3430754.051
171,164,-7.145364178,-34.87174461,BRA,South America,929835.5684
172,277,14.74292116,-17.3794757,SEN,Western Africa,3358309.548
173,124,13.41248753,-16.69039456,GMB,Western Africa,727886.822
174,108,14.85103907,-15.88803444,SEN,Western Africa,1002133.099
175,134,18.08009439,-15.96348319,MRT,Western Africa,1116872.364
176,61,11.87048723,-15.61070416,GNB,Western Africa,502077.3144
177,299,9.66815615,-13.5461834,GIN,Western Africa,2469835.084
178,129,8.471546576,-13.19424047,SLE,Western Africa,1190401.345
179,256,6.321899475,-10.73716661,LBR,Western Africa,1421575.998
180,148,30.38567798,-9.541463005,MAR,Northern Africa,952634.4353
181,444,38.74193979,-9.22688201,PRT,Southern Europe,1958520.774
182,332,12.62064018,-7.979711566,MLI,Western Africa,2968307.448
183,343,41.16465387,-8.60914901,PRT,Southern Europe,998283.4904
184,91,31.63953063,-7.987747772,MAR,Northern Africa,947497.4984
185,393,33.58610659,-7.548582377,MAR,Northern Africa,3985659.611
186,215,33.99724764,-6.827786032,MAR,Northern Africa,1865738.419
187,163,37.37619005,-5.986844189,ESP,Southern Europe,861042.5646
188,100,35.74999162,-5.825183517,MAR,Northern Africa,976954.5184
189,81,7.700820107,-5.031655129,CIV,Western Africa,519439.745
190,80,33.87833316,-5.54012499,MAR,Northern Africa,663462.0894
191,300,53.32733117,-6.261728188,IRL,Northern Europe,1004262.745
192,113,34.01985487,-5.008683599,MAR,Northern Africa,1193826.341
193,105,11.17845537,-4.294491273,BFA,Western Africa,751311.9385
194,431,5.349563262,-4.002695996,CIV,Western Africa,4551850.273
195,205,36.67033498,-4.474219443,ESP,Southern Europe,799996.6247
196,781,40.40404665,-3.708166287,ESP,Southern Europe,4894294.602
197,305,55.85618871,-4.301855947,GBR,Northern Europe,948354.9246
198,136,43.29752228,-2.972245446,ESP,Southern Europe,778581.8149
199,418,53.43350797,-2.874288738,GBR,Northern Europe,1273981.044
200,169,51.47568809,-2.582049449,GBR,Northern Europe,603350.5853
201,115,4.93346452,-1.749461021,GHA,Western Africa,707246.8651
202,673,53.49196147,-2.241619756,GBR,Northern Europe,2202574.799
203,431,6.709183709,-1.610282438,GHA,Western Africa,2954547.684
204,64,34.68176584,-1.907964908,MAR,Northern Africa,506992.1764
205,345,12.36231877,-1.528282384,BFA,Western Africa,2704697.059
206,668,52.51213812,-1.965490369,GBR,Northern Europe,2426862.542
207,472,53.76734323,-1.622234959,GBR,Northern Europe,1309503.419
208,241,54.98532234,-1.559533344,GBR,Northern Europe,754571.575
209,247,53.388841,-1.417890387,GBR,Northern Europe,710273.099
210,170,52.95386433,-1.184420173,GBR,Northern Europe,601051.2182
211,106,41.6528066,-0.891803969,ESP,Southern Europe,503981.8545
212,157,35.68315486,-0.606878268,DZA,Northern Africa,1134882.861
213,194,44.83713582,-0.595450807,FRA,Western Europe,585031.4041
214,846,5.621085071,-0.215586875,GHA,Western Africa,4412617.472
215,333,39.48043152,-0.407237737,ESP,Southern Europe,1393120.294
216,1864,51.49357981,-0.129891877,GBR,Northern Europe,9609627.231
217,246,43.60921593,1.423000223,FRA,Western Europe,658107.2133
218,313,6.19074824,1.224744124,TGO,Western Africa,2142500.871
219,1638,48.83990462,2.322010194,FRA,Western Europe,9711652.257
220,583,41.41556989,2.171428026,ESP,Southern Europe,3832012.369
221,113,13.52344281,2.111580725,NER,Western Africa,1113942.944
222,299,6.394259243,2.384858806,BEN,Western Africa,1752804.327
223,234,50.66252749,3.111005531,FRA,Western Europe,903281.4579
224,87,36.49951091,2.840009586,DZA,Northern Africa,506105.1835
225,727,36.72933862,3.131149093,DZA,Northern Africa,3857232.509
226,94,6.508633755,2.62505273,BEN,Western Africa,565465.5952
227,658,51.91002633,4.476586801,NLD,Western Europe,1913888.198
228,1196,6.567182195,3.297387983,NGA,Western Africa,11575042.53
229,376,51.21633713,4.396139109,BEL,Western Europe,792029.4699
230,266,50.84995677,4.370280821,BEL,Western Europe,1381517.485
231,150,7.162590478,3.344045183,NGA,Western Africa,695718.4613
232,275,6.621237963,3.527272576,NGA,Western Africa,790812.9573
233,345,52.35571208,4.850577718,NLD,Western Europe,1128715.328
234,270,45.75117226,4.860845174,FRA,Western Europe,1152368.368
235,477,7.393757077,3.917811713,NGA,Western Africa,3164714.63
236,97,7.82883227,3.929658246,NGA,Western Africa,581564.9918
237,255,43.30069617,5.407161707,FRA,Western Europe,909727.3216
238,159,8.480715358,4.559576691,NGA,Western Africa,1039258.439
239,1315,51.48882434,7.068158741,DEU,Western Europe,3443652.885
240,221,51.22073602,6.774369155,DEU,Western Europe,744019.8396
241,578,50.93296068,6.97971731,DEU,Western Europe,1508676.657
242,86,13.04228404,5.239694734,NGA,Western Africa,711887.4686
243,117,7.251735516,5.191375359,NGA,Western Africa,530932.5734
244,20,14.88822962,5.26384058,NER,Western Africa,585729.2002
245,243,51.22095504,7.096836493,DEU,Western Europe,604860.6034
246,305,6.340915228,5.624165135,NGA,Western Africa,1550238.772
247,137,5.55889902,5.762292679,NGA,Western Africa,708411.0509
248,291,43.64599973,7.143746234,FRA,Western Europe,733094.7033
249,115,36.36951547,6.617895958,DZA,Northern Africa,557445.936
250,207,45.07125588,7.650765077,ITA,Southern Europe,1205385
251,117,7.549512898,6.209208082,NGA,Western Africa,809219.0211
252,304,50.1206306,8.681664237,DEU,Western Europe,958696.3877
253,257,47.35646431,8.561740229,CHE,Western Europe,732493.41
254,781,6.076530179,6.926669522,NGA,Western Africa,3150801.689
255,510,5.77616432,7.008981166,NGA,Western Africa,1713470.692
256,242,59.90823209,10.74324845,NOR,Northern Europe,782172.1349
257,132,4.811395149,7.024894649,NGA,Western Africa,1159890.335
258,330,48.80670604,9.202667574,DEU,Western Europe,986038.1567
259,215,52.38538248,9.749231126,DEU,Western Europe,599163.8384
260,519,53.57410427,9.993622262,DEU,Western Europe,1596992.451
261,107,44.4184188,8.917256522,ITA,Southern Europe,542961.2819
262,219,5.552050308,7.283026322,NGA,Western Africa,984279.4154
263,754,45.54463407,9.1899412,ITA,Southern Europe,3011029.841
264,337,9.061898911,7.433495189,NGA,Western Africa,1450169.067
265,213,10.51067754,7.427194147,NGA,Western Africa,1601675.615
266,96,5.108868585,7.35086201,NGA,Western Africa,1195860.041
267,151,6.438245599,7.485100975,NGA,Western Africa,977850.8039
268,93,11.09195479,7.710572646,NGA,Western Africa,756517.2292
269,67,5.024856888,7.917982182,NGA,Western Africa,607710.5665
270,394,11.97602191,8.519616119,NGA,Western Africa,4158609.07
271,87,4.99563793,8.340852293,NGA,Western Africa,661593.9371
272,191,49.45156471,11.04671048,DEU,Western Europe,591934.8593
273,388,55.68060577,12.46953043,DNK,Northern Europe,1225958.696
274,154,9.865812783,8.872657951,NGA,Western Africa,806295.6775
275,418,36.82336488,10.20061538,TUN,Northern Africa,2116487.17
276,32,13.80716763,8.98400938,NER,Western Africa,564388.8069
277,349,48.13800202,11.56343509,DEU,Western Europe,1573652.443
278,115,0.39260525,9.46405581,GAB,Middle Africa,536505.6332
279,150,34.76501636,10.74346414,TUN,Northern Africa,551105.8412
280,224,4.054415345,9.723482291,CMR,Middle Africa,2965132.816
281,686,52.50695177,13.40979396,DEU,Western Europe,3271872.312
282,91,10.30809876,9.830998469,NGA,Western Africa,555593.8659
283,178,51.05563564,13.73742967,DEU,Western Europe,513723.148
284,482,41.89715399,12.53231298,ITA,Southern Europe,2342859.759
285,295,50.07205213,14.4535896,CZE,Eastern Europe,1126680.708
286,158,38.13624749,13.33786802,ITA,Southern Europe,703529.4925
287,251,3.852442559,11.52221064,CMR,Middle Africa,3465247.206
288,429,32.84313985,13.19896245,LBY,Northern Africa,1136249.56
289,361,59.33157275,18.00055029,SWE,Northern Europe,1305076.21
290,899,40.86518786,14.33619261,ITA,Southern Europe,3167668.467
291,79,-4.797681595,11.87137915,COG,Middle Africa,515889.2333
292,65,-5.580208982,12.20206708,AGO,Middle Africa,553769.1675
293,181,52.40097057,16.91828237,POL,Eastern Europe,527670.3854
294,392,48.19840819,16.38397587,AUT,Western Europe,1856675.543
295,152,51.10776275,17.02906238,POL,Eastern Europe,529208.864
296,203,45.80148941,15.98818068,HRV,Southern Europe,660652.5326
297,126,11.83354615,13.15378347,NGA,Western Africa,1069539.399
298,771,-8.901886424,13.3028378,AGO,Middle Africa,6786991.194
299,206,54.42049673,18.5868245,POL,Eastern Europe,603019.643
300,82,-14.91413133,13.51083806,AGO,Middle Africa,762019.8688
301,61,9.32503559,13.39244222,CMR,Middle Africa,1094636.597
302,11,10.73770893,13.80884401,CMR,Middle Africa,620687.3071
303,589,50.29903539,18.96249677,POL,Eastern Europe,1526062.238
304,56,10.59563662,14.31817635,CMR,Middle Africa,626443.0301
305,143,51.76518341,19.45015381,POL,Eastern Europe,606990.5645
306,202,12.11793261,15.05728294,TCD,Middle Africa,1775331.716
307,433,47.48300634,19.10974193,HUN,Eastern Europe,1758467.956
308,182,50.05369122,19.98552452,POL,Eastern Europe,664581.0494
309,383,-4.396631352,15.31920759,COD,Middle Africa,5622520.286
310,134,-4.23483437,15.27140126,COG,Middle Africa,1636003.271
311,425,52.22529923,20.99571251,POL,Eastern Europe,1789293.617
312,71,-12.77040724,15.74456172,AGO,Middle Africa,574071.669
313,344,60.22358683,24.93691625,FIN,Northern Europe,907385.5838
314,697,-33.94764796,18.57842297,ZAF,Southern Africa,3511853.327
315,165,56.96254221,24.12365616,LVA,Northern Europe,556671.5063
316,237,44.79759373,20.45656039,SRB,Southern Europe,1106870.256
317,106,41.34426373,19.79836162,ALB,Southern Europe,719251.941
318,120,49.83580718,24.01918216,UKR,Eastern Europe,687059.9228
319,103,4.38866078,18.54393061,CAF,Middle Africa,1024435.878
320,205,42.68535839,23.32534196,BGR,Eastern Europe,926881.2888
321,117,40.64205734,22.93707309,GRC,Southern Europe,813774.9929
322,527,59.92075415,30.33491092,RUS,Eastern Europe,4300867.492
323,265,53.89104161,27.57441764,BLR,Eastern Europe,2006721.845
324,438,37.9999031,23.74268788,GRC,Southern Europe,3315199.421
325,48,-6.42526257,20.78494259,COD,Middle Africa,546808.3968
326,252,44.43524697,26.10496247,ROU,Eastern Europe,1774128.268
327,78,-5.895758236,22.41345375,COD,Middle Africa,996322.0384
328,228,-33.92028747,25.55577491,ZAF,Southern Africa,709507.0543
329,518,50.44105299,30.52241148,UKR,Eastern Europe,2737788.649
330,353,38.42475693,27.1390667,TUR,Western Asia,2794141.781
331,134,-6.122311793,23.60254374,COD,Middle Africa,3024105.37
332,10,13.64734151,24.08945478,SDN,Northern Africa,580839.5359
333,1340,40.99506693,29.03102284,TUR,Western Asia,14111242.41
334,200,46.4474816,30.7144524,UKR,Eastern Europe,1117969.503
335,210,40.22026715,29.04885828,TUR,Western Asia,1680190.297
336,54,12.05435479,24.8807785,SDN,Northern Africa,820683.9922
337,13,10.85336455,25.15905251,SDN,Northern Africa,642447.4072
338,46,13.62106965,25.35298738,SDN,Northern Africa,632597.4121
339,137,40.76171519,29.89580732,TUR,Western Asia,605162.4464
340,98,37.78465996,29.07363095,TUR,Western Asia,537507.2557
341,70,0.520849281,25.19024551,COD,Middle Africa,666843.3259
342,26,11.46282258,26.13432264,SDN,Northern Africa,560072.6333
343,108,39.76471718,30.54439833,TUR,Western Asia,528380.3552
344,258,47.89661718,33.39064397,UKR,Eastern Europe,584156.3407
345,120,-26.53041644,27.84894468,ZAF,Southern Africa,628265.4957
346,1638,-26.17977081,28.05553562,ZAF,Southern Africa,6516134.235
347,1882,55.73855188,37.64862463,RUS,Eastern Europe,14077364.36
348,220,-25.49793797,28.07796479,ZAF,Southern Africa,839993.1529
349,437,-25.74294845,28.23791091,ZAF,Southern Africa,1473571.495
350,223,36.91734206,30.72508187,TUR,Western Asia,944863.8302
351,166,57.62326389,39.86295174,RUS,Eastern Europe,526682.9855
352,598,31.07134156,29.80143483,EGY,Northern Africa,5532976.203
353,311,48.45934339,35.0324005,UKR,Eastern Europe,903205.2395
354,258,-11.65666679,27.48504607,COD,Middle Africa,2245426.729
355,232,47.83964808,35.15096253,UKR,Eastern Europe,728145.0568
356,115,-20.15502313,28.53201223,ZWE,Eastern Africa,665971.0164
357,270,49.98371693,36.2661233,UKR,Eastern Europe,1430660.589
358,158,39.94649505,32.6107513,TUR,Western Asia,1363364.371
359,309,-15.40247343,28.29973984,ZMB,Eastern Africa,2381620.737
360,376,39.95213112,32.84670683,TUR,Western Asia,3002439.98
361,115,-12.81258059,28.21725317,ZMB,Eastern Africa,544656.6883
362,196,37.86949398,32.493574,TUR,Western Asia,791429.2429
363,365,29.39309613,30.78753833,EGY,Northern Africa,1369514.098
364,745,-29.78780375,31.01235218,ZAF,Southern Africa,2867061.597
365,80,30.78764438,31.00749349,EGY,Northern Africa,779681.2513
366,66,30.965679,31.18902434,EGY,Northern Africa,835071.9748
367,1585,30.05929287,31.26071834,EGY,Northern Africa,19734085.73
368,104,30.49803656,31.20537698,EGY,Northern Africa,594813.9438
369,86,28.09509519,30.75370865,EGY,Northern Africa,511671.1079
370,120,31.05069077,31.39354616,EGY,Northern Africa,1073967.28
371,108,30.59669473,31.49479544,EGY,Northern Africa,924759.8144
372,201,30.60371553,31.65936263,EGY,Northern Africa,633194.07
373,90,31.42864526,31.81283662,EGY,Northern Africa,580472.4153
374,64,-2.506981546,28.86434876,COD,Middle Africa,827032.6454
375,108,27.17739028,31.20326129,EGY,Northern Africa,834215.2196
376,229,51.6730136,39.20696046,RUS,Eastern Europe,856829.2519
377,88,-1.666427626,29.23853831,COD,Middle Africa,820570.0978
378,46,31.24650634,32.29529003,EGY,Northern Africa,646209.4648
379,104,-3.374242753,29.36607135,BDI,Eastern Africa,901425.4249
380,88,30.58466918,32.2475588,EGY,Northern Africa,599110.2693
381,344,48.01138624,37.84520888,UKR,Eastern Europe,996285.7842
382,56,0.497250232,29.46522964,COD,Middle Africa,1505135.45
383,188,26.56737449,31.69015357,EGY,Northern Africa,978160.6747
384,200,26.40398312,31.82030561,EGY,Northern Africa,873424.8945
385,61,13.18307176,30.22180419,SDN,Northern Africa,680618.161
386,486,-17.83564824,31.03669143,ZWE,Eastern Africa,1934204.504
387,215,-1.947299401,30.089277,RWA,Eastern Africa,1114831.507
388,143,36.80135275,34.61478265,TUR,Western Asia,786305.0399
389,269,56.29190875,43.91017048,RUS,Eastern Europe,1154630.035
390,39,1.565455282,30.2487026,COD,Middle Africa,639359.3823
391,72,41.28934046,36.33308762,TUR,Western Asia,503533.3244
392,146,38.73952138,35.52441961,TUR,Western Asia,772653.6789
393,423,-25.87517019,32.55427612,MOZ,Eastern Africa,2428912.221
394,135,37.00341935,35.28313393,TUR,Western Asia,737573.5176
395,49,25.71035649,32.6512493,EGY,Northern Africa,758361.9845
396,8,2.299159205,30.9938877,COD,Middle Africa,564102.9507
397,271,31.4097802,34.37342834,PSE,Western Asia,1706220.414
398,230,47.24882569,39.71689838,RUS,Eastern Europe,1070468.251
399,215,45.05865497,39.00730676,RUS,Eastern Europe,691472.4018
400,477,32.06616267,34.84843996,ISR,Western Asia,2362272.77
401,750,15.61807611,32.51218853,SDN,Northern Africa,5824720.873
402,263,33.91206711,35.57206528,LBN,Western Asia,2463481.753
403,272,31.79984039,35.19587095,PSE,Western Asia,1521423.375
404,136,32.55102361,35.85749412,JOR,Western Asia,574578.0746
405,321,33.50072543,36.31323124,SYR,Western Asia,2705863.897
406,542,31.97680056,35.9471688,JOR,Western Asia,3672402.985
407,30,14.23963012,32.99790151,SDN,Northern Africa,558879.1005
408,294,36.20427692,37.14624295,SYR,Western Asia,2112719.314
409,138,37.05015513,37.38272532,TUR,Western Asia,1324139.603
410,120,34.72320382,36.71582553,SYR,Western Asia,609170.1308
411,528,0.327337239,32.58416672,UGA,Eastern Africa,3483365.264
412,84,14.38689741,33.53354728,SDN,Northern Africa,549310.1449
413,126,-2.53618987,32.92897544,TZA,Eastern Africa,782039.6517
414,127,-13.96698973,33.77998146,MWI,Eastern Africa,791496.2041
415,2,4.834586814,33.90910897,SSD,Eastern Africa,526809.4453
416,302,55.79752053,49.13336971,RUS,Eastern Europe,1028391.123
417,184,51.54189642,45.96900846,RUS,Eastern Europe,759223.876
418,228,48.72434291,44.50557722,RUS,Eastern Europe,709101.9248
419,62,37.9314745,40.19921157,TUR,Western Asia,536793.8617
420,132,53.54441454,49.35127887,RUS,Eastern Europe,520773.7289
421,61,19.61454891,37.20510628,SDN,Northern Africa,551714.3267
422,210,53.22520245,50.21982161,RUS,Eastern Europe,900591.0654
423,126,56.84675308,53.21053748,RUS,Eastern Europe,553844.6782
424,105,-3.384677778,36.69703561,TZA,Eastern Africa,678319.2732
425,337,-1.26326509,36.82441076,KEN,Eastern Africa,3986169.968
426,219,24.45961838,39.59102661,SAU,Western Asia,1106400.752
427,78,36.85769385,42.9377864,IRQ,Western Asia,589945.9826
428,132,41.71201949,44.82634197,GEO,Western Asia,1077839.809
429,537,21.52003575,39.21397624,SAU,Western Asia,3517161.719
430,191,40.17246613,44.49860052,ARM,Western Asia,1132740.693
431,101,36.3561101,43.10275123,IRQ,Western Asia,1016968.514
432,46,15.32867181,38.91976486,ERI,Eastern Africa,643257.2689
433,173,46.35201273,48.02518429,RUS,Eastern Europe,540520.8895
434,212,21.41376321,39.83104089,SAU,Western Asia,1312910.665
435,392,8.992593826,38.75908952,ETH,Eastern Africa,3830787.819
436,55,-15.11905064,39.26239584,MOZ,Eastern Africa,692540.5424
437,210,36.17751579,44.03658465,IRQ,Western Asia,1246462
438,19,15.61987773,39.46342817,ERI,Eastern Africa,1014460.158
439,106,21.28413084,40.42399871,SAU,Western Asia,693623.5267
440,660,-6.821677074,39.20098391,TZA,Eastern Africa,5345514.63
441,105,37.55163848,45.06428632,IRN,South-Central Asia,765853.2673
442,127,42.96413959,47.47874243,RUS,Eastern Europe,626418.203
443,109,35.44204278,44.38589659,IRQ,Western Asia,837644.2292
444,94,-6.161685019,39.22843183,TZA,Eastern Africa,698660.7941
445,787,33.3214056,44.38012986,IRQ,Western Asia,5367305.285
446,133,-4.03815794,39.65620928,KEN,Eastern Africa,1033983.684
447,110,32.61625181,44.03156481,IRQ,Western Asia,717904.9669
448,60,33.64083734,44.38409996,IRQ,Western Asia,542357.5556
449,175,54.78961905,56.04349575,RUS,Eastern Europe,832486.7458
450,253,38.05088581,46.26534232,IRN,South-Central Asia,1511358.837
451,37,32.53623256,44.27757982,IRQ,Western Asia,528710.194
452,87,35.56129689,45.42170215,IRQ,Western Asia,713715.8889
453,89,32.02340046,44.34895644,IRQ,Western Asia,1012532.638
454,59,31.99086633,44.92013364,IRQ,Western Asia,1017084.615
455,250,56.83451101,60.59768138,RUS,Eastern Europe,929157.3502
456,67,38.24672844,48.29012248,IRN,South-Central Asia,514457.776
457,121,34.34044767,47.08813396,IRN,South-Central Asia,1014031.639
458,332,40.42025654,49.87263748,AZE,Western Asia,1961523.098
459,52,31.0441106,46.25398515,IRQ,Western Asia,709234.606
460,50,14.79990492,42.96279643,YEM,Western Asia,558660.9407
461,54,31.83711363,47.14519485,IRQ,Western Asia,564268.692
462,75,34.80929204,48.51726224,IRN,South-Central Asia,598745.2234
463,85,37.28184677,49.58685848,IRN,South-Central Asia,560800.7777
464,301,55.16811064,61.40023046,RUS,Eastern Europe,1034760.131
465,198,15.36848199,44.20505061,YEM,Western Asia,2537059.585
466,37,13.58179798,44.01725801,YEM,Western Asia,672568.1882
467,149,30.52401294,47.79332054,IRQ,Western Asia,1484284.045
468,45,9.558937719,44.0646944,SOM,Eastern Africa,792310.6556
469,1016,24.68844112,46.73541853,SAU,Western Asia,5673782.585
470,476,29.25631694,48.00970147,KWT,Western Asia,3168016.413
471,188,31.3097732,48.6748169,IRN,South-Central Asia,1232269.484
472,155,57.14704798,65.57572,RUS,Eastern Europe,510080.0074
473,1382,35.69846215,51.22769995,IRN,South-Central Asia,12515044.54
474,104,34.63446497,50.87164745,IRN,South-Central Asia,924949.6862
475,98,2.05254057,45.33159728,SOM,Eastern Africa,1503034.854
476,258,-18.89829912,47.52444422,MDG,Eastern Africa,2148583.733
477,353,32.6683339,51.64550272,IRN,South-Central Asia,2011732.196
478,270,25.40753172,49.62587347,SAU,Western Asia,1121136.542
479,344,26.46415153,50.05867644,SAU,Western Asia,1564432.26
480,345,26.18209917,50.56725879,BHR,Western Asia,1247787.402
481,208,29.61545785,52.5224442,IRN,South-Central Asia,1341825.209
482,380,25.28137914,51.46691629,QAT,Western Asia,1556519.512
483,110,31.88020111,54.34967143,IRN,South-Central Asia,520636.6873
484,119,37.93541694,58.39178673,TKM,South-Central Asia,803597.952
485,205,24.42015132,54.43606686,ARE,Western Asia,787746.2125
486,296,54.9860852,73.34659965,RUS,Eastern Europe,995900.6766
487,766,25.22126099,55.3301766,ARE,Western Asia,4909470.569
488,288,36.32352549,59.57601573,IRN,South-Central Asia,2841665.628
489,100,30.2783602,57.05963172,IRN,South-Central Asia,574206.3677
490,224,24.21233088,55.72145414,ARE,Western Asia,783519.3321
491,147,51.16382592,71.444687,KAZ,South-Central Asia,749746.0021
492,60,34.34573966,62.20932193,AFG,South-Central Asia,844574.5643
493,144,-20.28908971,57.48784225,MUS,Eastern Africa,545314.7769
494,70,29.49465224,60.85167429,IRN,South-Central Asia,614275.261
495,171,38.8346334,65.76399031,UZB,South-Central Asia,712046.9515
496,197,39.64565628,66.95878291,UZB,South-Central Asia,737417.6006
497,148,42.32968781,69.59777438,KAZ,South-Central Asia,738552.2719
498,504,41.2698132,69.25583856,UZB,South-Central Asia,3157849.754
499,143,56.52943946,84.96118509,RUS,Eastern Europe,529131.5953
500,307,55.00873974,82.95028355,RUS,Eastern Europe,1230729.457
501,144,38.54277227,68.77693072,TJK,South-Central Asia,1063670.447
502,67,31.61422804,65.72499262,AFG,South-Central Asia,605625.9033
503,199,40.99228147,71.68001288,UZB,South-Central Asia,554185.0971
504,128,53.3467502,83.70426167,RUS,Eastern Europe,501147.8179
505,100,30.18174027,66.99287504,PAK,South-Central Asia,749959.6383
506,321,34.52321883,69.15660097,AFG,South-Central Asia,4381842.18
507,156,42.87735429,74.59108255,KGZ,South-Central Asia,1119914.838
508,753,24.89930801,67.07801037,PAK,South-Central Asia,13150694.48
509,318,43.26431692,76.90272911,KAZ,South-Central Asia,1730584.312
510,367,33.99942046,71.53737672,PAK,South-Central Asia,2764733.937
511,101,34.77510276,72.33309864,PAK,South-Central Asia,951130.8644
512,148,34.1866258,72.07729303,PAK,South-Central Asia,1026216.778
513,100,25.38696794,68.364648,PAK,South-Central Asia,1835125.896
514,219,56.02633173,92.91986442,RUS,Eastern Europe,870276.4534
515,90,33.79306974,72.72585304,PAK,South-Central Asia,521615.6864
516,72,34.19086747,73.23266806,PAK,South-Central Asia,960783.0313
517,400,33.62356078,73.07171088,PAK,South-Central Asia,3738563.962
518,329,30.18241638,71.4657791,PAK,South-Central Asia,2422577.351
519,72,32.06557582,72.6774595,PAK,South-Central Asia,657393.7029
520,403,31.41397392,73.1111297,PAK,South-Central Asia,3563007.334
521,155,34.09819585,74.81931643,IND,South-Central Asia,1105044.578
522,80,32.57199198,74.06754412,PAK,South-Central Asia,622644.0099
523,74,22.46272135,70.06077881,IND,South-Central Asia,697430.5197
524,259,32.13245677,74.18499706,PAK,South-Central Asia,2788655.293
525,955,31.51786508,74.25264996,PAK,South-Central Asia,10114717.51
526,243,32.49950667,74.51575555,PAK,South-Central Asia,1885761.043
527,134,32.70204015,74.8661761,IND,South-Central Asia,1021219.178
528,119,22.28814015,70.79754339,IND,South-Central Asia,1379759.383
529,150,31.64234507,74.87686296,IND,South-Central Asia,1209648.601
530,87,28.02269517,73.31943041,IND,South-Central Asia,792281.8794
531,15,24.25444486,72.18556667,IND,South-Central Asia,505031.4895
532,173,26.27026189,73.02141992,IND,South-Central Asia,1310397.738
533,132,31.32979599,75.57490447,IND,South-Central Asia,992193.2048
534,363,23.03108938,72.5832061,IND,South-Central Asia,6678958.851
535,66,21.75796288,72.13880202,IND,South-Central Asia,649990.195
536,254,30.89583327,75.89225193,IND,South-Central Asia,1800152.296
537,83,22.55254773,72.94315728,IND,South-Central Asia,694024.3702
538,106,24.58767964,73.71383089,IND,South-Central Asia,847233.0923
539,227,21.1772905,72.75651687,IND,South-Central Asia,5474488.341
540,228,22.31407074,73.17221766,IND,South-Central Asia,2113534.615
541,96,26.46286606,74.64475898,IND,South-Central Asia,556676.6892
542,87,30.3456016,76.39590234,IND,South-Central Asia,636337.0923
543,47,27.60792872,75.15350432,IND,South-Central Asia,513052.7522
544,274,30.7111596,76.7605466,IND,South-Central Asia,2169863.467
545,99,30.36293712,76.81495411,IND,South-Central Asia,601494.9376
546,172,19.40714757,72.82755683,IND,South-Central Asia,1410559.271
547,1077,19.14107332,72.97072133,IND,South-Central Asia,21755882.36
548,341,26.8961066,75.78329542,IND,South-Central Asia,3607260.673
549,85,30.13390128,77.29086085,IND,South-Central Asia,612394.1663
550,116,29.393045,76.97726169,IND,South-Central Asia,564894.0654
551,2474,28.62877443,77.20326172,IND,South-Central Asia,26658713.6
552,92,29.96308908,77.56072713,IND,South-Central Asia,1134417.815
553,179,19.97994865,73.78998078,IND,South-Central Asia,1775255.498
554,80,27.54933893,76.64544023,IND,South-Central Asia,765451.0775
555,116,30.31060039,78.03875131,IND,South-Central Asia,1071076.171
556,129,25.17311379,75.85662654,IND,South-Central Asia,1059888.05
557,98,29.46881258,77.711755,IND,South-Central Asia,889394.2698
558,634,18.5691213,73.8524993,IND,South-Central Asia,6656508.88
559,323,43.85978989,87.59840634,CHN,Eastern Asia,3057127.226
560,105,29.93946427,78.1012138,IND,South-Central Asia,646075.6917
561,238,28.98586378,77.69905225,IND,South-Central Asia,2145646.96
562,47,20.55315985,74.52848616,IND,South-Central Asia,833989.1675
563,52,20.89443023,74.76837921,IND,South-Central Asia,617504.7775
564,44,28.4046037,77.84113133,IND,South-Central Asia,572038.76
565,59,23.17525186,75.7978709,IND,South-Central Asia,528214.0249
566,280,22.68108191,75.84162043,IND,South-Central Asia,2886468.994
567,85,19.11227917,74.73027309,IND,South-Central Asia,592607.5704
568,87,16.6915796,74.2428502,IND,South-Central Asia,734264.0357
569,116,27.90366611,78.08159667,IND,South-Central Asia,1617979.672
570,52,21.0004365,75.55955872,IND,South-Central Asia,676312.5924
571,149,28.82746514,78.74343736,IND,South-Central Asia,1652297.461
572,211,27.16906048,77.99972883,IND,South-Central Asia,2430431.824
573,110,19.87402085,75.33850423,IND,South-Central Asia,1539255.381
574,32,28.57465469,78.56985293,IND,South-Central Asia,741785.972
575,82,16.85660428,74.60409751,IND,South-Central Asia,845917.2106
576,84,15.85943217,74.50961073,IND,South-Central Asia,857169.9911
577,36,28.79255822,79.03047962,IND,South-Central Asia,622758.9667
578,61,27.16461986,78.40049552,IND,South-Central Asia,822860.9864
579,24,27.56433339,78.65820455,IND,South-Central Asia,577093.2126
580,107,26.22445835,78.17529041,IND,South-Central Asia,1525100.781
581,16,28.03343703,79.13073658,IND,South-Central Asia,745757.6289
582,110,28.38445351,79.4171516,IND,South-Central Asia,1509151.404
583,47,15.44277038,75.01551214,IND,South-Central Asia,885718.8074
584,219,23.2411772,77.4233425,IND,South-Central Asia,2077320.225
585,29,27.22705055,79.02516933,IND,South-Central Asia,635868.174
586,29,26.56195687,78.78553439,IND,South-Central Asia,518128.4658
587,79,26.79823919,79.00821031,IND,South-Central Asia,579039.8198
588,241,12.90569843,74.85065505,IND,South-Central Asia,878093.3412
589,23,28.62326789,79.80966924,IND,South-Central Asia,660788.1737
590,82,17.65555096,75.92080282,IND,South-Central Asia,1059904.26
591,53,16.83446106,75.72095051,IND,South-Central Asia,549613.2032
592,52,25.45087471,78.56309856,IND,South-Central Asia,640788.9216
593,69,20.69811061,77.02438249,IND,South-Central Asia,664648.8478
594,181,12.40460478,75.04844893,IND,South-Central Asia,582129.4827
595,45,27.38108948,79.60539066,IND,South-Central Asia,1013701.887
596,75,27.85725215,79.9113641,IND,South-Central Asia,992380.2451
597,41,18.40301926,76.56718879,IND,South-Central Asia,511300.8506
598,13,27.64807242,79.93913011,IND,South-Central Asia,515850.6919
599,202,11.93650695,75.34421961,IND,South-Central Asia,733944.2048
600,44,14.45697737,75.92423133,IND,South-Central Asia,610123.7433
601,25,27.39233521,80.1378138,IND,South-Central Asia,1185763.772
602,254,11.69046148,75.55683059,IND,South-Central Asia,1217014.163
603,12,28.07743845,80.47567381,IND,South-Central Asia,558429.9395
604,63,23.84513192,78.76412754,IND,South-Central Asia,731347.1521
605,75,20.91832384,77.75714054,IND,South-Central Asia,719732.9498
606,61,19.15345868,77.31955551,IND,South-Central Asia,707012.2822
607,59,17.33612735,76.83779502,IND,South-Central Asia,753485.9
608,478,11.2025714,75.85595005,IND,South-Central Asia,2209628.748
609,24,27.95093065,80.78150056,IND,South-Central Asia,932937.1086
610,37,27.56193995,80.68981646,IND,South-Central Asia,782439.3107
611,243,26.45445053,80.30918546,IND,South-Central Asia,3773461.422
612,10,27.06805595,80.50290227,IND,South-Central Asia,606439.0244
613,523,10.6288488,76.09489452,IND,South-Central Asia,1611773.711
614,56,26.52907036,80.47638681,IND,South-Central Asia,586966.2552
615,199,11.01304207,76.06700157,IND,South-Central Asia,607384.2601
616,63,15.14253617,76.91298295,IND,South-Central Asia,585395.5188
617,374,26.86128817,80.97615776,IND,South-Central Asia,4622784.13
618,155,10.5293822,76.21637426,IND,South-Central Asia,723861.9497
619,22,25.48199754,80.33971103,IND,South-Central Asia,654245.6853
620,132,27.42230999,81.26000569,IND,South-Central Asia,517728.4317
621,139,12.31789546,76.6366804,IND,South-Central Asia,1396068.431
622,726,10.03173451,76.33426768,IND,South-Central Asia,2546842.78
623,11,27.85658432,81.50654523,IND,South-Central Asia,654290.27
624,194,9.564916376,76.33821859,IND,South-Central Asia,816717.6961
625,35,25.92937893,80.81607981,IND,South-Central Asia,967303.0662
626,260,21.14343076,79.07140287,IND,South-Central Asia,2908827.82
627,29,27.5819141,81.61379142,IND,South-Central Asia,932405.411
628,622,9.083465423,76.55243729,IND,South-Central Asia,1959059.566
629,119,23.17925819,79.93883313,IND,South-Central Asia,1609651.228
630,249,9.519606728,76.55083166,IND,South-Central Asia,1044045.449
631,39,26.23370628,81.25302579,IND,South-Central Asia,791800.113
632,874,17.43407323,78.45577453,IND,South-Central Asia,8135155.371
633,5,27.70020103,81.93378295,IND,South-Central Asia,537635.4414
634,366,10.99276061,76.99417732,IND,South-Central Asia,2204879.743
635,628,13.02014553,77.574697,IND,South-Central Asia,10631615.37
636,45,24.57705885,80.83382425,IND,South-Central Asia,509732.3111
637,29,27.1381103,81.96232773,IND,South-Central Asia,1066419.198
638,378,8.514992195,76.97029542,IND,South-Central Asia,1961463.354
639,19,27.41765306,82.17279514,IND,South-Central Asia,668219.5646
640,185,11.11651191,77.34212829,IND,South-Central Asia,1274814.293
641,115,26.77031727,82.13750374,IND,South-Central Asia,1825357.25
642,10,27.53251078,82.40945742,IND,South-Central Asia,603357.4839
643,31,26.25293047,82.06833047,IND,South-Central Asia,1165748.453
644,191,11.37945824,77.71085389,IND,South-Central Asia,1165506.039
645,141,25.43842349,81.83780545,IND,South-Central Asia,2695887.3
646,19,25.92649153,81.99763358,IND,South-Central Asia,905638.2974
647,167,11.66684674,78.14904097,IND,South-Central Asia,1521872.499
648,103,17.9855873,79.57846715,IND,South-Central Asia,773388.6962
649,38,26.80447362,82.74845757,IND,South-Central Asia,715412.8406
650,37,10.36505862,77.97812609,IND,South-Central Asia,558396.2238
651,50,25.33888303,82.27043741,IND,South-Central Asia,672497.3126
652,128,9.923590018,78.1237137,IND,South-Central Asia,1872297.893
653,35,25.74944901,82.68661675,IND,South-Central Asia,916050.5584
654,47,25.38779792,82.58366246,IND,South-Central Asia,639074.2221
655,171,26.7526177,83.34182775,IND,South-Central Asia,2043654.758
656,61,25.14949682,82.55867933,IND,South-Central Asia,920606.8926
657,151,10.80320509,78.71906394,IND,South-Central Asia,1267905.128
658,46,26.05741914,83.18074326,IND,South-Central Asia,647473.4055
659,480,25.29533686,83.00568721,IND,South-Central Asia,4188270.765
660,175,21.19814648,81.3594441,IND,South-Central Asia,1154995.689
661,101,12.92166037,79.13699098,IND,South-Central Asia,853764.1363
662,74,13.62743022,79.43391607,IND,South-Central Asia,528126.3234
663,191,21.25779665,81.623008,IND,South-Central Asia,1435493.801
664,89,24.11458432,82.66730271,IND,South-Central Asia,545036.902
665,188,26.7381816,83.88170029,IND,South-Central Asia,728913.9772
666,26,26.5026097,83.7816497,IND,South-Central Asia,717233.2655
667,29,25.94391589,83.56076777,IND,South-Central Asia,688273.0844
668,36,24.45753218,83.01802971,IND,South-Central Asia,506622.6624
669,95,22.08259698,82.14732532,IND,South-Central Asia,900278.0821
670,95,16.30616891,80.40400371,IND,South-Central Asia,847237.7804
671,36,25.5853719,83.56249831,IND,South-Central Asia,556749.5869
672,70,14.45130439,79.99646664,IND,South-Central Asia,720712.1497
673,406,26.65444699,84.30766688,IND,South-Central Asia,1308909.601
674,123,16.5111884,80.64966395,IND,South-Central Asia,1356195.3
675,197,26.37760849,84.16391931,IND,South-Central Asia,569782.3761
676,94,11.92709719,79.7938225,IND,South-Central Asia,876032.4948
677,940,13.01635766,80.173301,IND,South-Central Asia,9992602.376
678,84,25.77393872,84.17299082,IND,South-Central Asia,659108.2289
679,271,27.69363635,85.33790729,NPL,South-Central Asia,3529143.426
680,24,25.78335835,84.74070705,IND,South-Central Asia,578843.94
681,1154,6.929655209,79.94323377,LKA,South-Central Asia,4303602.507
682,65,17.00683571,81.79643936,IND,South-Central Asia,510710.7224
683,58,26.58247314,85.51086184,IND,South-Central Asia,534900.1725
684,204,26.12355211,85.36676316,IND,South-Central Asia,1435601.886
685,156,25.59973435,85.13338152,IND,South-Central Asia,2771973.202
686,66,24.79709356,85.01223066,IND,South-Central Asia,761321.6181
687,216,7.280355297,80.60592288,LKA,South-Central Asia,548245.1852
688,95,26.14898868,85.90405389,IND,South-Central Asia,692682.7532
689,30,25.19887279,85.52076173,IND,South-Central Asia,634363.7027
690,210,17.7159993,83.23285492,IND,South-Central Asia,1603231.317
691,134,25.42988965,86.06190419,IND,South-Central Asia,993322.0275
692,112,22.23257483,84.85633717,IND,South-Central Asia,682818.2979
693,146,23.3627202,85.32733959,IND,South-Central Asia,1592224.038
694,71,26.64208704,87.26494293,NPL,South-Central Asia,577638.1458
695,50,24.17491968,86.30592948,IND,South-Central Asia,554871.6171
696,98,23.66589737,86.13748691,IND,South-Central Asia,881479.6342
697,284,23.77971249,86.363074,IND,South-Central Asia,2087166.557
698,44,19.30341162,84.79134158,IND,South-Central Asia,519351.4209
699,150,22.79705316,86.19234242,IND,South-Central Asia,1765134.909
700,333,23.72245494,86.8693597,IND,South-Central Asia,3167486.305
701,11,27.04246652,88.25608606,IND,South-Central Asia,579527.6238
702,21,25.54334629,87.56714252,IND,South-Central Asia,568762.3188
703,91,26.71422079,88.40996036,IND,South-Central Asia,601281.3842
704,61,20.4556057,85.88112324,IND,South-Central Asia,684154.4225
705,144,20.29415958,85.83292975,IND,South-Central Asia,1010641.621
706,29,25.62259315,88.12960562,IND,South-Central Asia,667206.1884
707,44,26.53516613,88.7021984,IND,South-Central Asia,760558.2583
708,107,24.61403981,88.23778096,BGD,South-Central Asia,608955.7779
709,54,22.32927264,87.30792388,IND,South-Central Asia,727037.7195
710,166,47.91950419,106.8729635,MNG,Eastern Asia,1316070.207
711,138,24.0343956,88.2540525,IND,South-Central Asia,1131547.127
712,201,24.41426426,88.61983457,BGD,South-Central Asia,793654.3333
713,375,22.42392513,87.88765462,IND,South-Central Asia,1540713.675
714,267,25.73537817,89.29362455,BGD,South-Central Asia,911913.1807
715,2817,22.52488411,88.29249552,IND,South-Central Asia,21620289.28
716,34,23.39489033,88.4923685,IND,South-Central Asia,926326.2122
717,472,24.94281628,89.37862593,BGD,South-Central Asia,1284400.46
718,167,22.10988752,88.39850556,IND,South-Central Asia,560028.645
719,589,24.41254333,89.64289183,BGD,South-Central Asia,1771423.563
720,54,23.16668014,89.20843182,BGD,South-Central Asia,626334.0086
721,359,24.32667879,89.9459055,BGD,South-Central Asia,933116.2238
722,184,22.84014664,89.55533432,BGD,South-Central Asia,1255281.529
723,106,24.74903788,90.3898509,BGD,South-Central Asia,572031.1779
724,3248,23.80705214,90.40166345,BGD,South-Central Asia,23942350.03
725,299,24.41026989,90.81460509,BGD,South-Central Asia,777320.4951
726,187,26.15120742,91.75521205,IND,South-Central Asia,1103543.44
727,553,24.05720249,90.9840826,BGD,South-Central Asia,1874155.635
728,269,23.69414847,90.83183985,BGD,South-Central Asia,570556.205
729,2491,23.14673164,90.80556542,BGD,South-Central Asia,6167651.991
730,351,22.99136741,90.86482046,BGD,South-Central Asia,994818.1845
731,179,23.84562166,91.27513642,IND,South-Central Asia,842924.7638
732,196,24.87859338,91.90338015,BGD,South-Central Asia,1105313.995
733,690,22.97593978,91.12628607,BGD,South-Central Asia,2006142.114
734,237,22.87366747,91.27931143,BGD,South-Central Asia,748794.6419
735,799,22.43879885,91.82426299,BGD,South-Central Asia,5293804.072
736,69,24.8150992,92.78545424,IND,South-Central Asia,538513.8619
737,85,25.8871605,93.741763,IND,South-Central Asia,500249.7408
738,182,24.75331317,93.93392608,IND,South-Central Asia,729189.6217
739,134,36.62465457,101.7744224,CHN,Eastern Asia,1171720.268
740,247,36.07933618,103.7658998,CHN,Eastern Asia,2365069.251
741,266,38.48602258,106.234555,CHN,Eastern Asia,1440104.637
742,244,21.92361867,96.07208878,MMR,South-Eastern Asia,1825592.246
743,243,40.6331957,109.8931888,CHN,Eastern Asia,1995853.756
744,524,16.86997966,96.148838,MMR,South-Eastern Asia,5686185.435
745,260,40.81725651,111.6604821,CHN,Eastern Asia,1881076.44
746,1326,30.68884238,104.0344387,CHN,Eastern Asia,9318649.156
747,126,31.47239445,104.7192136,CHN,Eastern Asia,739072.7582
748,170,34.36498756,107.2160163,CHN,Eastern Asia,848686.3322
749,210,40.06102437,113.2563659,CHN,Eastern Asia,1501062.305
750,90,29.35590709,104.7540699,CHN,Eastern Asia,533623.1983
751,111,28.76389817,104.6035265,CHN,Eastern Asia,641585.0095
752,112,34.35054965,108.6735479,CHN,Eastern Asia,525410.96
753,69,30.79106424,106.0834621,CHN,Eastern Asia,659816.5185
754,364,25.034796,102.7312274,CHN,Eastern Asia,3070466.494
755,85,40.79065671,114.883696,CHN,Eastern Asia,577496.5245
756,624,34.25887419,108.917579,CHN,Eastern Asia,5071323.748
757,375,37.85134845,112.5452566,CHN,Eastern Asia,3451600.381
758,72,28.92299308,105.4544878,CHN,Eastern Asia,519824.8534
759,99,47.33859453,123.9721091,CHN,Eastern Asia,880400.572
760,51,31.20551145,107.4848084,CHN,Eastern Asia,525961.9219
761,487,29.55380994,106.5254798,CHN,Eastern Asia,4649254.224
762,98,36.07775282,111.5211483,CHN,Eastern Asia,551541.3386
763,2115,39.89899941,116.3498742,CHN,Eastern Asia,17982667.65
764,739,3.60476028,98.65144864,IDN,South-Eastern Asia,3956182.696
765,2568,13.7668898,100.5437099,THA,South-Eastern Asia,14730839.43
766,586,38.06558149,114.514272,CHN,Eastern Asia,3314770.197
767,104,42.2733351,118.9315497,CHN,Eastern Asia,628632.7309
768,238,38.85169521,115.4831142,CHN,Eastern Asia,1251378.937
769,105,36.18135906,113.115651,CHN,Eastern Asia,573666.2156
770,93,27.69127404,106.933781,CHN,Eastern Asia,748981.5113
771,312,26.59878939,106.6820871,CHN,Eastern Asia,2531220.078
772,125,37.06683351,114.4875349,CHN,Eastern Asia,740827.1088
773,373,34.66925728,112.4321052,CHN,Eastern Asia,1804860.197
774,92,32.64454461,110.7501822,CHN,Eastern Asia,525870.1812
775,151,35.2462597,113.2460203,CHN,Eastern Asia,731206.5812
776,178,36.59983674,114.4874898,CHN,Eastern Asia,1137997.124
777,698,39.11942201,117.2131708,CHN,Eastern Asia,6642178.943
778,223,36.110406,114.2829869,CHN,Eastern Asia,1076264.236
779,90,43.61467829,122.244563,CHN,Eastern Asia,527049.4702
780,135,5.372127221,100.2897535,MYS,South-Eastern Asia,714446.8781
781,183,5.357455373,100.4364416,MYS,South-Eastern Asia,516338.8314
782,178,-0.912877496,100.3867338,IDN,South-Eastern Asia,940949.2265
783,124,35.30389938,113.8866514,CHN,Eastern Asia,835654.8568
784,365,39.63879094,118.2041694,CHN,Eastern Asia,1578319.536
785,150,38.30050739,116.8492697,CHN,Eastern Asia,560962.4225
786,603,34.76223689,113.6596172,CHN,Eastern Asia,4368639.39
787,279,39.01161645,117.6592647,CHN,Eastern Asia,990730.2427
788,147,37.45148275,116.3178578,CHN,Eastern Asia,532920.5863
789,183,32.99499428,112.536593,CHN,Eastern Asia,775927.9801
790,212,4.613222449,101.0951164,MYS,South-Eastern Asia,643326.9062
791,134,33.7363497,113.3014901,CHN,Eastern Asia,802739.1272
792,129,35.75245789,115.0270594,CHN,Eastern Asia,547268.1918
793,164,41.99939175,121.6601749,CHN,Eastern Asia,677455.2873
794,146,34.79140669,114.3374195,CHN,Eastern Asia,711185.8534
795,457,45.71793479,126.6440473,CHN,Eastern Asia,4130656.784
796,202,32.07168759,112.1350119,CHN,Eastern Asia,1067521.076
797,156,34.03598358,113.8210182,CHN,Eastern Asia,667579.8745
798,114,36.46937784,115.9743268,CHN,Eastern Asia,501043.0494
799,1095,21.03718905,105.8578878,VNM,South-Eastern Asia,5353038.293
800,1328,3.074778818,101.6268783,MYS,South-Eastern Asia,6339649.043
801,143,30.70945756,111.3199325,CHN,Eastern Asia,863221.4488
802,119,39.94219536,119.5960896,CHN,Eastern Asia,779402.1483
803,211,0.506249071,101.4339642,IDN,South-Eastern Asia,997682.2804
804,137,41.11350609,121.1340982,CHN,Eastern Asia,847462.2876
805,110,40.75185347,120.8500422,CHN,Eastern Asia,514586.3482
806,172,33.57478501,114.0297581,CHN,Eastern Asia,676710.38
807,529,36.66141424,117.0062826,CHN,Eastern Asia,3460770.591
808,409,43.87101943,125.2955128,CHN,Eastern Asia,3337264.059
809,264,20.87176633,106.6596108,VNM,South-Eastern Asia,1051009.972
810,116,47.30539978,130.2607911,CHN,Eastern Asia,526931.2991
811,85,41.1277898,122.0714065,CHN,Eastern Asia,522320.5796
812,125,30.33227777,112.2260884,CHN,Eastern Asia,768874.5504
813,124,36.17870771,117.1622818,CHN,Eastern Asia,709078.0696
814,149,34.41067195,115.6320451,CHN,Eastern Asia,509037.3528
815,136,37.45927508,118.500374,CHN,Eastern Asia,508024.53
816,548,41.78761691,123.3846706,CHN,Eastern Asia,5489522.566
817,108,35.41705962,116.6049728,CHN,Eastern Asia,724603.7587
818,101,29.03575119,111.6833856,CHN,Eastern Asia,709968.1791
819,457,36.70300256,117.9884705,CHN,Eastern Asia,1631852.557
820,118,46.8035844,130.3707586,CHN,Eastern Asia,660888.175
821,224,22.82853003,108.3059681,CHN,Eastern Asia,2372502.211
822,244,41.85891045,123.8778578,CHN,Eastern Asia,1080132.621
823,183,41.13402115,123.0037329,CHN,Eastern Asia,1386689.503
824,98,41.24869835,123.1843782,CHN,Eastern Asia,619684.7954
825,174,43.86050355,126.5476792,CHN,Eastern Asia,1501500.264
826,232,24.31289576,109.3884829,CHN,Eastern Asia,1451939.301
827,263,11.55630663,104.8938437,KHM,South-Eastern Asia,1816032.366
828,112,-1.619062604,103.6012253,IDN,South-Eastern Asia,873970.0439
829,232,25.285441,110.2632499,CHN,Eastern Asia,1069415.289
830,76,41.29502822,123.7508069,CHN,Eastern Asia,724867.7355
831,67,30.93583691,113.923858,CHN,Eastern Asia,501363.415
832,879,1.391134069,103.8850508,SGP,South-Eastern Asia,6920918.425
833,78,28.58545432,112.3479026,CHN,Eastern Asia,511278.6493
834,84,27.23785574,111.4846456,CHN,Eastern Asia,556216.561
835,248,36.70126835,119.1295817,CHN,Eastern Asia,1098285.508
836,125,32.89900374,115.8159597,CHN,Eastern Asia,577793.3135
837,119,29.37888704,113.1328619,CHN,Eastern Asia,757521.3336
838,557,38.99840628,121.6392087,CHN,Eastern Asia,3379821.744
839,198,34.84372254,117.5473412,CHN,Eastern Asia,558134.1747
840,160,1.102073408,103.9802093,IDN,South-Eastern Asia,953793.6313
841,838,30.55372322,114.2947295,CHN,Eastern Asia,7344344.75
842,155,33.93619679,116.7901696,CHN,Eastern Asia,862493.1465
843,362,34.26297163,117.2028934,CHN,Eastern Asia,1610966.355
844,464,35.09169336,118.2942689,CHN,Eastern Asia,1312575.895
845,125,21.48028022,109.1523519,CHN,Eastern Asia,566475.4674
846,135,10.32836076,105.4926409,VNM,South-Eastern Asia,505998.0883
847,422,28.18405712,113.0043732,CHN,Eastern Asia,3325178.473
848,766,-31.94517038,115.8451125,AUS,Australia/New Zealand,1258344.095
849,291,-2.967116102,104.74868,IDN,South-Eastern Asia,1910182.814
850,174,27.85818747,112.9235529,CHN,Eastern Asia,933234.13
851,140,10.04586134,105.7531941,VNM,South-Eastern Asia,676858.9587
852,126,22.63576715,110.1491652,CHN,Eastern Asia,508807.4172
853,135,27.84902712,113.1485764,CHN,Eastern Asia,940765.1324
854,166,26.90622396,112.5870657,CHN,Eastern Asia,952975.6611
855,374,37.49898722,121.3562853,CHN,Eastern Asia,1404328.298
856,117,44.58134465,129.6025019,CHN,Eastern Asia,760143.2435
857,171,-5.407703981,105.2765881,IDN,South-Eastern Asia,1091523.123
858,184,32.6256818,116.9438673,CHN,Eastern Asia,997914.3329
859,201,30.17116628,115.0104521,CHN,Eastern Asia,896046.0884
860,193,35.41108471,119.4991147,CHN,Eastern Asia,549262.8329
861,110,40.13694038,124.3824211,CHN,Eastern Asia,1007051.274
862,150,32.93686484,117.3355687,CHN,Eastern Asia,746030.4589
863,146,10.33862531,106.3566484,VNM,South-Eastern Asia,540518.3274
864,598,36.23877694,120.4082764,CHN,Eastern Asia,3603126.148
865,175,35.99283817,120.1928943,CHN,Eastern Asia,581940.9583
866,1467,10.85184777,106.712677,VNM,South-Eastern Asia,11488340.15
867,199,16.04094152,108.1953831,VNM,South-Eastern Asia,1003279.358
868,122,27.63604572,113.8206706,CHN,Eastern Asia,582403.4212
869,194,-5.986890232,106.0333707,IDN,South-Eastern Asia,617099.3522
870,96,34.61235702,119.181601,CHN,Eastern Asia,536013.7377
871,157,21.24411133,110.3770748,CHN,Eastern Asia,967286.3353
872,78,37.50146375,122.074675,CHN,Eastern Asia,606932.4449
873,5009,-6.380746725,106.852957,IDN,South-Eastern Asia,36312538.77
874,566,31.83675832,117.2793862,CHN,Eastern Asia,3998646.656
875,141,21.66741199,110.8982114,CHN,Eastern Asia,630968.61
876,209,20.00638212,110.3234402,CHN,Eastern Asia,1591694.74
877,144,33.59803971,119.0452208,CHN,Eastern Asia,899195.5858
878,111,29.70506968,115.9874007,CHN,Eastern Asia,583236.6465
879,86,30.53175154,117.0633122,CHN,Eastern Asia,548114.8717
880,414,28.68782153,115.8958718,CHN,Eastern Asia,2983793.704
881,119,23.06038891,112.4624881,CHN,Eastern Asia,635016.3339
882,131,23.71279058,113.0322391,CHN,Eastern Asia,587780.0654
883,1014,-6.941582418,107.6430998,IDN,South-Eastern Asia,8181546.409
884,115,32.10571181,118.6730126,CHN,Eastern Asia,519777.6601
885,629,32.01271314,118.8093005,CHN,Eastern Asia,5385671.749
886,131,31.69641844,118.5036931,CHN,Eastern Asia,648975.8377
887,6622,22.63353449,113.997383,CHN,Eastern Asia,40589878.1
888,184,31.36102511,118.3857218,CHN,Eastern Asia,1081141.379
889,276,-7.188443298,107.9170183,IDN,South-Eastern Asia,1412270.767
890,131,23.39087327,113.2190688,CHN,Eastern Asia,683837.7161
891,179,33.37898584,120.1444938,CHN,Eastern Asia,716528.9751
892,252,39.0309475,125.7383919,PRK,Eastern Asia,2439213.869
893,158,32.39073537,119.4158892,CHN,Eastern Asia,830121.1426
894,533,-7.286036549,108.1947535,IDN,South-Eastern Asia,2166830.636
895,122,25.85436462,114.9388353,CHN,Eastern Asia,701647.4852
896,83,32.19908316,119.4592766,CHN,Eastern Asia,750237.148
897,337,-6.719577938,108.4784476,IDN,South-Eastern Asia,1619474.234
898,235,22.52370781,113.385307,CHN,Eastern Asia,1133016.126
899,157,-6.953317784,108.5185199,IDN,South-Eastern Asia,561840.1385
900,284,22.29462613,113.5063263,CHN,Eastern Asia,1856282.549
901,71,41.77275197,129.7625449,PRK,Eastern Asia,604815.1898
902,90,39.90959484,127.5328792,PRK,Eastern Asia,745918.4612
903,605,31.74523466,119.9829082,CHN,Eastern Asia,2573370.163
904,170,43.1648372,131.9573159,RUS,Eastern Europe,545902.3608
905,629,-6.926582393,109.0631259,IDN,South-Eastern Asia,2047860.119
906,116,-7.682078629,109.069364,IDN,South-Eastern Asia,620238.9343
907,350,22.34181845,114.1182458,CHN,Eastern Asia,5707660.317
908,137,31.90205286,120.2438102,CHN,Eastern Asia,592242.9165
909,250,23.08774383,114.4076663,CHN,Eastern Asia,1481074.46
910,379,-7.39301404,109.2850158,IDN,South-Eastern Asia,1355246.368
911,115,22.44459825,114.1865318,CHN,Eastern Asia,1234633.13
912,1893,31.41580071,120.5734952,CHN,Eastern Asia,8625178.956
913,290,31.87389324,120.4757617,CHN,Eastern Asia,1094641.51
914,150,22.77213703,114.4287819,CHN,Eastern Asia,553943.3818
915,310,32.04110806,120.8938066,CHN,Eastern Asia,1236454.594
916,339,-6.914157276,109.6230154,IDN,South-Eastern Asia,1263928.686
917,146,31.65635876,120.768318,CHN,Eastern Asia,812989.6633
918,170,-0.048430927,109.3423422,IDN,South-Eastern Asia,829084.0193
919,746,-6.93358473,110.1633366,IDN,South-Eastern Asia,3077248.085
920,1679,30.22283817,120.3168158,CHN,Eastern Asia,7527414.364
921,2449,37.47555477,126.9243735,KOR,Eastern Asia,21600841.03
922,1555,-7.686059976,110.5984055,IDN,South-Eastern Asia,5098559.84
923,205,-7.551087119,110.2580796,IDN,South-Eastern Asia,662726.6393
924,3318,31.19249624,121.4271278,CHN,Eastern Asia,24472119.1
925,211,30.77125901,120.7734351,CHN,Eastern Asia,1019543.683
926,131,29.09805191,119.6289869,CHN,Eastern Asia,630206.9465
927,2450,23.42940623,116.4624775,CHN,Eastern Asia,10445183.08
928,463,-6.783551368,110.8537881,IDN,South-Eastern Asia,1659607.813
929,242,29.29806314,120.1062853,CHN,Eastern Asia,1159382.038
930,556,30.14621392,121.2257106,CHN,Eastern Asia,1935628.399
931,315,-7.729499134,111.4867848,IDN,South-Eastern Asia,861470.031
932,127,24.51211454,117.6705601,CHN,Eastern Asia,693674.597
933,88,36.63504341,127.459031,KOR,Eastern Asia,664464.2795
934,578,29.86731752,121.5676503,CHN,Eastern Asia,2650538.596
935,501,24.56953434,118.0671108,CHN,Eastern Asia,4088516.509
936,231,-8.095502304,111.9686916,IDN,South-Eastern Asia,617340.1536
937,205,36.35837925,127.3824877,KOR,Eastern Asia,1534182.4
938,343,26.06082327,119.2927415,CHN,Eastern Asia,3038500.746
939,1087,24.76624412,118.55558,CHN,Eastern Asia,4009699.683
940,91,35.83282783,127.1151103,KOR,Eastern Asia,628108.2289
941,251,-7.58498881,112.2505046,IDN,South-Eastern Asia,661777.856
942,678,27.80514182,120.6876659,CHN,Eastern Asia,4699633.595
943,299,25.42720305,119.0584073,CHN,Eastern Asia,1106639.059
944,118,27.5814068,120.5384822,CHN,Eastern Asia,710549.3414
945,194,-7.494423139,112.5023371,IDN,South-Eastern Asia,703891.0532
946,295,28.09070941,120.9425064,CHN,Eastern Asia,1138813.029
947,1751,-7.628561821,112.6697063,IDN,South-Eastern Asia,8352589.504
948,194,35.16423971,126.8568152,KOR,Eastern Asia,1469650.016
949,317,28.57637539,121.3808121,CHN,Eastern Asia,1311573.877
950,429,-8.370030583,113.5900645,IDN,South-Eastern Asia,1356771.374
951,331,35.86394684,128.6369154,KOR,Eastern Asia,2474024.941
952,91,-7.026723937,113.8884819,IDN,South-Eastern Asia,520291.4431
953,121,35.21832771,128.6256646,KOR,Eastern Asia,637723.0843
954,454,35.16895667,129.0163099,KOR,Eastern Asia,3431209.05
955,199,35.51135156,129.3602436,KOR,Eastern Asia,922818.8373
956,189,24.82332931,120.9927758,TWN,Eastern Asia,714154.6988
957,329,24.16871389,120.6697872,TWN,Eastern Asia,2223136.991
958,1014,25.00684104,121.4128047,TWN,Eastern Asia,8873426.902
959,239,22.98685762,120.2308793,TWN,Eastern Asia,1059817.007
960,417,-8.652393053,115.2295882,IDN,South-Eastern Asia,1878235.764
961,453,22.65264367,120.3335897,TWN,Eastern Asia,2413647.699
962,125,-3.322646922,114.6050195,IDN,South-Eastern Asia,919312.008
963,220,-8.597736557,116.1375214,IDN,South-Eastern Asia,969440.2195
964,161,5.960746947,116.0993263,MYS,South-Eastern Asia,608027.226
965,387,43.07052122,141.3738144,JPN,Eastern Asia,1894557.363
966,489,33.60202361,130.4282875,JPN,Eastern Asia,2121623.605
967,531,33.88835279,130.8576725,JPN,Eastern Asia,1203249.649
968,107,-1.243612554,116.8696319,IDN,South-Eastern Asia,614894.6839
969,141,-0.507891586,117.1477454,IDN,South-Eastern Asia,993545.3942
970,223,32.79474497,130.7110315,JPN,Eastern Asia,605471.4482
971,200,16.04562497,120.3916337,PHL,South-Eastern Asia,556171.4446
972,331,34.40983978,132.4508307,JPN,Eastern Asia,1186234.938
973,263,15.13690331,120.6435016,PHL,South-Eastern Asia,1056211.314
974,2030,14.55191389,121.0191782,PHL,South-Eastern Asia,21691140.92
975,398,34.59904266,133.8524007,JPN,Eastern Asia,829536.2839
976,3158,34.70012803,135.4198332,JPN,Eastern Asia,15692797.39
977,373,-5.173159899,119.4628329,IDN,South-Eastern Asia,2203262.604
978,175,36.57483534,136.62909,JPN,Eastern Asia,535787.3787
979,267,26.25652695,127.7474003,JPN,Eastern Asia,942036.303
980,218,35.03968179,135.9364277,JPN,Eastern Asia,514883.6325
981,2651,35.1212196,136.8713458,JPN,Eastern Asia,7667227.206
982,331,38.27557021,140.9104717,JPN,Eastern Asia,1142678.376
983,630,36.33286272,139.2150134,JPN,Eastern Asia,1173901.032
984,96,10.66167679,122.9574542,PHL,South-Eastern Asia,539695.7793
985,330,34.73628052,137.7285653,JPN,Eastern Asia,718870.1074
986,5318,35.68148131,139.649416,JPN,Eastern Asia,33028731.22
987,185,34.99284736,138.432997,JPN,Eastern Asia,578725.0681
988,507,-34.87754566,138.5958794,AUS,Australia/New Zealand,930902.886
989,351,10.30736344,123.8978294,PHL,South-Eastern Asia,2678295.701
990,113,8.496738498,124.6666862,PHL,South-Eastern Asia,735961.5875
991,1610,-37.85556174,145.0747051,AUS,Australia/New Zealand,3468083.796
992,99,7.129397357,125.6307149,PHL,South-Eastern Asia,821533.0996
993,1356,-33.85123993,151.0668102,AUS,Australia/New Zealand,3745334.888
994,498,-27.49018691,153.0489651,AUS,Australia/New Zealand,990070.3367
995,458,-36.92012789,174.7964426,NZL,Australia/New Zealand,1034100.957
